{
  "stage": "NC-6-network-native-operator-discovery-last-run",
  "schema_version": "QMX-NC-6-LAST-RUN-0.1",
  "created_at": "2026-06-29T09:12:28.014749+00:00",
  "run_id": "nc_6_network_native_operator_discovery-20260629090758",
  "result_hash": "56b6e5b81657d90f",
  "verdict": "nc_6_native_operator_candidate_supported",
  "summary": {
    "verdict": "nc_6_native_operator_candidate_supported",
    "cycles": 2,
    "cycle_metrics": [
      {
        "cycle": 1,
        "push_vector": [
          -0.060014,
          0.170399,
          0.446998,
          0.0
        ],
        "hold_vector": [
          -0.056142,
          0.166396,
          0.447019,
          0.071429
        ],
        "decay_vector": [
          -0.063254,
          0.206423,
          0.447062,
          0.071429
        ],
        "contrast_vector": [
          -0.059305,
          0.147387,
          0.447098,
          -0.142857
        ],
        "sham_vector": [
          -0.065227,
          0.122066,
          0.447158,
          0.214286
        ],
        "push_strength": 0.482125,
        "sham_strength": 0.514804,
        "push_specificity": -0.032679,
        "hold_retention": 0.851395,
        "hold_echo_cosine": 0.989064,
        "decay_return": -0.040344,
        "decay_vs_hold_gain": -0.016017,
        "contrast_strength": 0.495525,
        "contrast_distance": 0.1447,
        "contrast_specificity": -0.370104,
        "contrast_retention": 0.417446,
        "contrast_echo_cosine": 0.834741,
        "transition_hash": "0269337b5814894b"
      },
      {
        "cycle": 2,
        "push_vector": [
          0.006068,
          0.089314,
          4.2e-05,
          0.071428
        ],
        "hold_vector": [
          0.014078,
          0.108067,
          6.8e-05,
          0.0
        ],
        "decay_vector": [
          0.002197,
          0.025751,
          0.000107,
          -0.357144
        ],
        "contrast_vector": [
          0.002202,
          0.047245,
          0.00015,
          -0.142858
        ],
        "sham_vector": [
          0.009198,
          0.045151,
          0.000207,
          0.0
        ],
        "push_strength": 0.114524,
        "sham_strength": 0.046079,
        "push_specificity": 0.068445,
        "hold_retention": 0.351385,
        "hold_echo_cosine": 0.780157,
        "decay_return": -1.0,
        "decay_vs_hold_gain": -0.249098,
        "contrast_strength": 0.150484,
        "contrast_distance": 0.218411,
        "contrast_specificity": 0.172332,
        "contrast_retention": -0.433083,
        "contrast_echo_cosine": 0.992167,
        "transition_hash": "0a49b2f35043fe98"
      }
    ],
    "candidate_verdicts": [
      {
        "operator": "push",
        "verdict": "weak_candidate",
        "score": 0.529058
      },
      {
        "operator": "hold",
        "verdict": "supported_candidate",
        "score": 0.750186
      },
      {
        "operator": "decay",
        "verdict": "not_supported",
        "score": 0.2
      },
      {
        "operator": "contrast",
        "verdict": "not_supported",
        "score": 0.341553
      }
    ],
    "supported_operator_count": 1,
    "weak_operator_count": 1,
    "raw_release_sufficient": true,
    "remote_writes_sufficient": true,
    "push_strength_mean": 0.298324,
    "sham_strength_mean": 0.280442,
    "push_specificity_mean": 0.017883,
    "push_positive_rate": 0.5,
    "push_reproducibility_cosine": 0.269384,
    "hold_retention_mean": 0.60139,
    "hold_echo_cosine_mean": 0.88461,
    "decay_return_mean": -0.520172,
    "decay_vs_hold_gain_mean": -0.132557,
    "contrast_specificity_mean": -0.098886,
    "contrast_distance_mean": 0.181555,
    "contrast_reproducibility_cosine": 0.366213,
    "native_operator_score": 0.455199,
    "truth_boundary": "NC-6 scores candidate native network operators from output-only state transitions. Operators are only candidates if they beat sham controls and reproduce across cycles."
  },
  "truth_boundary": "NC-6 tests candidate native network-state operators: push, hold, decay, and contrast. It does not prove autonomous network calculation, CPU-free execution, endpoint-free computation, network supercompute, physical energy harvesting, or a finished ghost computer.",
  "state_hash": "d785493deb4c69e5"
}
