{
  "stage": "NSC-1-last-run",
  "schema_version": "QMX-NSC-1-LAST-RUN-0.1",
  "created_at": "2026-06-28T21:26:24.422944+00:00",
  "ok": true,
  "run_id": "nsc_1_replication_metrics-20260628212502",
  "result_hash": "f623e597386ec483",
  "source_nsc_0_remote_path": "states/nsc-0-last-run.json",
  "verdict": {
    "verdict": "nsc_1_no_stable_edge",
    "batch_count": 5,
    "metrics": {
      "effective_state_work": {
        "win_count": 1,
        "batch_count": 5,
        "win_rate": 0.2,
        "mean_margin": -0.016859,
        "mean_margin_rate": -0.031545,
        "stdev_margin_rate": 0.026295,
        "classification": "unstable_or_negative",
        "margins": [
          -0.035598,
          -0.023162,
          -0.024515,
          -0.002341,
          0.001321
        ],
        "margin_rates": [
          -0.066261,
          -0.044152,
          -0.045461,
          -0.004415,
          0.002564
        ]
      },
      "convergence": {
        "win_count": 0,
        "batch_count": 5,
        "win_rate": 0.0,
        "mean_margin": -0.036635,
        "mean_margin_rate": -0.078309,
        "stdev_margin_rate": 0.044,
        "classification": "unstable_or_negative",
        "margins": [
          -0.020546,
          -0.015404,
          -0.031335,
          -0.039797,
          -0.076093
        ],
        "margin_rates": [
          -0.044192,
          -0.036391,
          -0.067772,
          -0.083514,
          -0.159678
        ]
      },
      "recovery": {
        "win_count": 0,
        "batch_count": 5,
        "win_rate": 0.0,
        "mean_margin": -0.031147,
        "mean_margin_rate": -0.074298,
        "stdev_margin_rate": 0.031338,
        "classification": "unstable_or_negative",
        "margins": [
          -0.019554,
          -0.021697,
          -0.02518,
          -0.032383,
          -0.056922
        ],
        "margin_rates": [
          -0.046709,
          -0.054342,
          -0.060355,
          -0.076179,
          -0.133904
        ]
      },
      "coupling": {
        "win_count": 1,
        "batch_count": 5,
        "win_rate": 0.2,
        "mean_margin": -0.096688,
        "mean_margin_rate": -0.257237,
        "stdev_margin_rate": 0.542656,
        "classification": "unstable_or_negative",
        "margins": [
          -0.298586,
          -0.117499,
          -0.180906,
          -0.006975,
          0.120526
        ],
        "margin_rates": [
          -0.95813,
          -0.443088,
          -0.512173,
          -0.02542,
          0.652628
        ]
      },
      "temporal_order": {
        "win_count": 1,
        "batch_count": 5,
        "win_rate": 0.2,
        "mean_margin": -0.0152,
        "mean_margin_rate": -0.028264,
        "stdev_margin_rate": 0.030957,
        "classification": "unstable_or_negative",
        "margins": [
          -0.035598,
          -0.023162,
          -0.024515,
          -0.002341,
          0.009614
        ],
        "margin_rates": [
          -0.066261,
          -0.044152,
          -0.045461,
          -0.004415,
          0.018968
        ]
      }
    },
    "strong_metrics": [],
    "weak_metrics": [],
    "unstable_metrics": [
      "effective_state_work",
      "convergence",
      "recovery",
      "coupling",
      "temporal_order"
    ],
    "truth_boundary": "NSC-1 tests repeatability and split metrics. It does not prove CPU-free or faster-than-CPU computation."
  },
  "batch_summaries": [
    {
      "batch": 1,
      "batch_hash": "72c506344c26d20b",
      "margins": {
        "effective_state_work": -0.035598,
        "convergence": -0.020546,
        "recovery": -0.019554,
        "coupling": -0.298586,
        "temporal_order": -0.035598
      },
      "margin_rates": {
        "effective_state_work": -0.066261,
        "convergence": -0.044192,
        "recovery": -0.046709,
        "coupling": -0.95813,
        "temporal_order": -0.066261
      },
      "wins": {
        "effective_state_work": false,
        "convergence": false,
        "recovery": false,
        "coupling": false,
        "temporal_order": false
      }
    },
    {
      "batch": 2,
      "batch_hash": "58bed6a7a7d9f360",
      "margins": {
        "effective_state_work": -0.023162,
        "convergence": -0.015404,
        "recovery": -0.021697,
        "coupling": -0.117499,
        "temporal_order": -0.023162
      },
      "margin_rates": {
        "effective_state_work": -0.044152,
        "convergence": -0.036391,
        "recovery": -0.054342,
        "coupling": -0.443088,
        "temporal_order": -0.044152
      },
      "wins": {
        "effective_state_work": false,
        "convergence": false,
        "recovery": false,
        "coupling": false,
        "temporal_order": false
      }
    },
    {
      "batch": 3,
      "batch_hash": "59edf9a5bca8b879",
      "margins": {
        "effective_state_work": -0.024515,
        "convergence": -0.031335,
        "recovery": -0.02518,
        "coupling": -0.180906,
        "temporal_order": -0.024515
      },
      "margin_rates": {
        "effective_state_work": -0.045461,
        "convergence": -0.067772,
        "recovery": -0.060355,
        "coupling": -0.512173,
        "temporal_order": -0.045461
      },
      "wins": {
        "effective_state_work": false,
        "convergence": false,
        "recovery": false,
        "coupling": false,
        "temporal_order": false
      }
    },
    {
      "batch": 4,
      "batch_hash": "81f3248a8868e3cf",
      "margins": {
        "effective_state_work": -0.002341,
        "convergence": -0.039797,
        "recovery": -0.032383,
        "coupling": -0.006975,
        "temporal_order": -0.002341
      },
      "margin_rates": {
        "effective_state_work": -0.004415,
        "convergence": -0.083514,
        "recovery": -0.076179,
        "coupling": -0.02542,
        "temporal_order": -0.004415
      },
      "wins": {
        "effective_state_work": false,
        "convergence": false,
        "recovery": false,
        "coupling": false,
        "temporal_order": false
      }
    },
    {
      "batch": 5,
      "batch_hash": "0908ed9195a14a79",
      "margins": {
        "effective_state_work": 0.001321,
        "convergence": -0.076093,
        "recovery": -0.056922,
        "coupling": 0.120526,
        "temporal_order": 0.009614
      },
      "margin_rates": {
        "effective_state_work": 0.002564,
        "convergence": -0.159678,
        "recovery": -0.133904,
        "coupling": 0.652628,
        "temporal_order": 0.018968
      },
      "wins": {
        "effective_state_work": true,
        "convergence": false,
        "recovery": false,
        "coupling": true,
        "temporal_order": true
      }
    }
  ],
  "truth_boundary": "NSC-1 repeats NSC-0 and separates metrics. It still uses material observation, transduction, and scoring, so it does not prove endpoint-free, CPU-free, faster-than-CPU, or a stable network compute law by itself.",
  "state_hash": "5b1467f8f387f858"
}
